id,christian_name,surname,email,sex,ip_address
1,Regan,Fernyhough,rfernyhough0@reuters.com,Female,148.153.125.78
2,Sidney,Revans,srevans1@statcounter.com,Male,205.128.187.51
3,Kerrin,Feldmus,kfeldmus2@buzzfeed.com,Female,34.76.199.184
4,Tynan,Adair,tadair3@un.org,Male,51.91.157.69
5,Whittaker,Doubrava,wdoubrava4@psu.edu,Male,175.32.95.204
6,Giovanni,Curnok,gcurnok5@bloomberg.com,Male,214.4.79.9
7,Cristian,Saiger,csaiger6@opera.com,Male,76.72.124.212
8,Jacobo,Jillings,jjillings7@nhs.uk,Male,47.151.190.85
9,Toby,Caldecourt,tcaldecourt8@samsung.com,Female,228.166.117.81
10,Queenie,Scroyton,qscroyton9@issuu.com,Female,73.28.181.108
11,Tiphany,Densie,tdensiea@indiegogo.com,Female,94.100.157.104
12,Nevile,Folder,nfolderb@icio.us,Male,13.180.97.0
13,Daryle,Bischoff,dbischoffc@dyndns.org,Male,237.167.19.170
14,Zora,Domleo,zdomleod@bandcamp.com,Female,198.107.95.238
15,Rosa,Moyse,rmoysee@github.com,Female,218.248.41.83
16,Balduin,Pley,bpleyf@aol.com,Male,88.64.12.76
17,Tedie,Scouse,tscouseg@ibm.com,Male,24.252.21.63
18,Rafaelia,Dawe,rdaweh@gravatar.com,Female,204.68.158.201
19,Wallie,Tomsu,wtomsui@businesswire.com,Male,31.220.77.153
20,Orland,Clemenza,oclemenzaj@hc360.com,Male,166.218.95.10
21,Eduard,Huncoot,ehuncootk@google.cn,Male,2.144.241.170
22,Cymbre,Lanon,clanonl@biglobe.ne.jp,Female,174.215.250.29
23,Rhianon,McAughtrie,rmcaughtriem@google.ru,Female,118.106.187.172
24,Gwenora,Sellman,gsellmann@un.org,Female,38.142.107.228
25,Meir,de Mendoza,mdemendozao@hubpages.com,Male,57.2.79.27
26,Dreddy,Quye,dquyep@domainmarket.com,Female,90.208.162.164
27,Cathrine,Govey,cgoveyq@phoca.cz,Female,51.46.165.37
28,Janice,Allright,jallrightr@seattletimes.com,Female,69.101.95.191
29,Jessie,Lunn,jlunns@i2i.jp,Female,250.225.144.32
30,Culver,Michurin,cmichurint@biglobe.ne.jp,Male,7.151.2.27
31,Thatcher,Capp,tcappu@theguardian.com,Male,34.96.108.55
32,Donnie,Kinghorne,dkinghornev@over-blog.com,Male,137.5.136.216
33,Randie,Stebbing,rstebbingw@dropbox.com,Male,106.66.127.13
34,Ansell,Kemmis,akemmisx@storify.com,Male,61.194.176.54
35,Bella,de la Tremoille,bdelatremoilley@cnn.com,Female,253.103.79.205
36,Sammy,Deane,sdeanez@dmoz.org,Female,59.191.22.185
37,Bryna,Matyja,bmatyja10@twitpic.com,Female,109.21.235.92
38,Oona,McCambrois,omccambrois11@list-manage.com,Female,92.77.26.102
39,Arch,Bambrough,abambrough12@mit.edu,Male,112.121.236.101
40,Sheila,Fellini,sfellini13@sbwire.com,Female,18.245.150.20
41,Robby,La Padula,rlapadula14@comcast.net,Male,140.29.103.84
42,Dmitri,Caitlin,dcaitlin15@wsj.com,Male,192.206.40.2
43,Alys,Smedmoor,asmedmoor16@issuu.com,Female,74.38.163.195
44,Taddeo,Kneal,tkneal17@clickbank.net,Male,130.52.188.76
45,Felecia,Hacket,fhacket18@dell.com,Female,42.247.74.64
46,Tye,Schleicher,tschleicher19@wunderground.com,Male,222.93.175.184
47,Moina,Whatman,mwhatman1a@latimes.com,Female,114.235.204.166
48,Ilysa,Bax,ibax1b@eventbrite.com,Female,241.78.157.237
49,Clem,Brumfield,cbrumfield1c@yelp.com,Male,19.254.230.63
50,Nye,Devonport,ndevonport1d@thetimes.co.uk,Male,196.152.234.167
51,Marina,Patron,mpatron1e@dot.gov,Female,133.19.26.207
52,Granthem,Di Nisco,gdinisco1f@techcrunch.com,Male,65.91.37.110
53,Euell,Treverton,etreverton1g@rakuten.co.jp,Male,207.111.160.112
54,Craig,Titlow,ctitlow1h@angelfire.com,Male,7.241.42.75
55,Nicko,Waller,nwaller1i@fotki.com,Male,120.178.183.174
56,Bobbette,Verecker,bverecker1j@harvard.edu,Female,151.92.11.137
57,Giselle,Horlick,ghorlick1k@paginegialle.it,Female,128.193.105.33
58,Lou,Ivery,livery1l@pen.io,Female,19.78.163.175
59,Maxine,Fawbert,mfawbert1m@arstechnica.com,Female,53.64.59.165
60,Lucita,Hamberstone,lhamberstone1n@forbes.com,Female,177.99.56.67
61,Steve,Santori,ssantori1o@phpbb.com,Male,188.37.147.24
62,Romeo,Ruddiman,rruddiman1p@furl.net,Male,102.96.222.49
63,Ruprecht,Brachell,rbrachell1q@nyu.edu,Male,68.121.138.34
64,Tanney,Dissman,tdissman1r@naver.com,Male,169.50.140.225
65,Kitti,Plante,kplante1s@wp.com,Female,97.115.118.55
66,Bobbie,Gomar,bgomar1t@dedecms.com,Female,131.103.26.144
67,Indira,MacIllrick,imacillrick1u@japanpost.jp,Female,7.49.103.91
68,Aurelie,Di Ruggero,adiruggero1v@usda.gov,Female,71.55.220.128
69,Ashleigh,Chadwell,achadwell1w@freewebs.com,Female,2.53.88.168
70,Horton,Mixter,hmixter1x@si.edu,Male,228.1.230.63
71,Immanuel,Venturoli,iventuroli1y@weibo.com,Male,138.75.165.14
72,Siobhan,Bough,sbough1z@scribd.com,Female,225.34.107.52
73,Wynnie,Hilldrup,whilldrup20@dagondesign.com,Female,200.50.80.232
74,Roch,Brunner,rbrunner21@constantcontact.com,Female,22.196.122.18
75,Nan,Inglefield,ninglefield22@mediafire.com,Female,66.62.168.173
76,Karlee,Lehrmann,klehrmann23@goo.ne.jp,Female,79.154.112.224
77,Caresse,Haime,chaime24@tamu.edu,Female,230.44.105.30
78,Kile,Dewsnap,kdewsnap25@lycos.com,Male,233.29.220.150
79,Bunnie,Stormes,bstormes26@alibaba.com,Female,25.81.94.55
80,Breanne,Pilmer,bpilmer27@eventbrite.com,Female,166.161.246.221
81,Lucias,Bird,lbird28@tripadvisor.com,Male,83.16.166.5
82,Guilbert,Tidcomb,gtidcomb29@etsy.com,Male,163.6.189.137
83,Aymer,Bartoshevich,abartoshevich2a@comcast.net,Male,56.245.101.171
84,Tani,Holme,tholme2b@studiopress.com,Female,2.176.237.83
85,Noni,Espinos,nespinos2c@nydailynews.com,Female,216.168.8.95
86,Angie,Flucker,aflucker2d@taobao.com,Male,218.188.177.119
87,Danielle,Blackler,dblackler2e@alexa.com,Female,154.147.8.2
88,Walther,Colum,wcolum2f@ezinearticles.com,Male,130.109.96.36
89,Arty,McConnell,amcconnell2g@theatlantic.com,Male,170.159.40.128
90,Ami,Click,aclick2h@amazon.de,Female,187.165.180.150
91,Brantley,Casebourne,bcasebourne2i@networkadvertising.org,Male,184.106.73.152
92,Arlin,Breckenridge,abreckenridge2j@goo.gl,Male,113.210.86.49
93,Aldous,Douty,adouty2k@slashdot.org,Male,116.50.71.106
94,Sauncho,Gomersall,sgomersall2l@cdbaby.com,Male,66.229.139.83
95,Mirilla,Donegan,mdonegan2m@4shared.com,Female,68.151.147.125
96,Hanan,Pedler,hpedler2n@nsw.gov.au,Male,119.86.134.41
97,Kristi,O'Lennachain,kolennachain2o@cafepress.com,Female,140.31.106.236
98,Paula,Vakhrushin,pvakhrushin2p@google.ru,Female,62.136.141.55
99,Sylvia,Pavluk,spavluk2q@dailymail.co.uk,Female,229.107.30.56
100,Bradly,Hinsche,bhinsche2r@imgur.com,Male,165.80.39.40
