id,christian_name,surname,email,sex,ip_address
1,Bertina,Parramore,bparramore0@latimes.com,Female,145.253.90.195
2,Kikelia,Banat,kbanat1@printfriendly.com,Female,223.47.96.186
3,Ingmar,Thornham,ithornham2@hatena.ne.jp,Male,76.59.130.250
4,Nance,Blades,nblades3@icio.us,Female,174.104.108.36
5,Jesse,Thicking,jthicking4@craigslist.org,Male,59.217.136.176
6,Ardene,Pinilla,apinilla5@mit.edu,Female,175.221.234.128
7,Dido,Veljes,dveljes6@blinklist.com,Female,208.32.70.117
8,Sinclair,Cearley,scearley7@nature.com,Male,0.182.225.78
9,Tab,Lesser,tlesser8@hc360.com,Male,175.214.238.131
10,Billy,Kidsley,bkidsley9@hexun.com,Male,16.233.81.114
11,Darren,Basler,dbaslera@prlog.org,Male,9.119.85.76
12,See,Wawer,swawerb@pinterest.com,Male,228.51.37.233
13,Jacques,Managh,jmanaghc@bloomberg.com,Male,44.172.147.113
14,Phip,Sobey,psobeyd@mtv.com,Male,111.123.69.79
15,Morgun,Veldstra,mveldstrae@yolasite.com,Male,182.129.159.214
16,Latrina,Izkovici,lizkovicif@paginegialle.it,Female,12.132.129.188
17,Hall,Meddings,hmeddingsg@businesswire.com,Male,167.155.240.108
18,Carri,Dabernott,cdabernotth@oakley.com,Female,113.121.39.176
19,Kamillah,Crickmer,kcrickmeri@usgs.gov,Female,216.141.27.186
20,Kirk,Toten,ktotenj@dmoz.org,Male,57.252.199.202
21,Levin,Florence,lflorencek@slashdot.org,Male,97.196.181.29
22,Eadith,McCorrie,emccorriel@cam.ac.uk,Female,178.12.230.36
23,Claiborne,Stothart,cstothartm@woothemes.com,Male,166.214.139.184
24,Tillie,Renvoise,trenvoisen@loc.gov,Female,219.136.205.4
25,Harwell,Tench,htencho@patch.com,Male,41.86.237.53
26,Grete,Chyuerton,gchyuertonp@samsung.com,Female,222.171.245.179
27,Monro,Ecclestone,mecclestoneq@whitehouse.gov,Male,218.235.8.197
28,Mayor,Luchelli,mluchellir@hubpages.com,Male,136.47.155.117
29,Jandy,Linney,jlinneys@phpbb.com,Female,233.56.149.233
30,Welsh,Steinor,wsteinort@amazon.de,Male,50.38.61.161
31,Lay,Creane,lcreaneu@weibo.com,Male,246.45.240.189
32,Kristina,Fludder,kfludderv@wufoo.com,Female,150.34.86.136
33,Tiffi,Corington,tcoringtonw@hexun.com,Female,128.242.163.182
34,Darci,Reiling,dreilingx@imageshack.us,Female,89.163.90.8
35,Sile,Keeffe,skeeffey@unesco.org,Female,7.4.171.202
36,Lion,Winslade,lwinsladez@yale.edu,Male,24.125.186.251
37,Shirley,Spittles,sspittles10@ucoz.ru,Female,216.205.224.11
38,Demetris,Reilly,dreilly11@geocities.jp,Male,22.22.124.133
39,Merrily,Ashe,mashe12@redcross.org,Female,63.104.142.98
40,Amye,Menlow,amenlow13@blinklist.com,Female,188.109.189.91
41,Karoline,Whatman,kwhatman14@foxnews.com,Female,203.136.22.87
42,Vanya,Piffe,vpiffe15@ameblo.jp,Female,252.250.5.209
43,Maribel,Brett,mbrett16@exblog.jp,Female,34.47.42.78
44,Cathleen,Domino,cdomino17@forbes.com,Female,30.55.189.50
45,Amandie,Date,adate18@oakley.com,Female,209.15.47.209
46,Willem,Giottoi,wgiottoi19@japanpost.jp,Male,249.108.72.9
47,Berny,Conlaund,bconlaund1a@msn.com,Male,173.125.169.1
48,Kelbee,Tremolieres,ktremolieres1b@npr.org,Male,51.188.193.126
49,Perry,Borthe,pborthe1c@topsy.com,Male,139.79.255.6
50,Raymund,Critten,rcritten1d@wikia.com,Male,149.247.191.96
51,Drusi,Cordeau],dcordeau1e@123-reg.co.uk,Female,200.247.173.225
52,Annette,Arndtsen,aarndtsen1f@360.cn,Female,255.207.228.95
53,Reid,Kasperski,rkasperski1g@miibeian.gov.cn,Male,56.47.147.137
54,Dot,Conford,dconford1h@newsvine.com,Female,72.162.233.172
55,Dominic,Fossord,dfossord1i@spotify.com,Male,142.121.14.220
56,Ced,Bahike,cbahike1j@tuttocitta.it,Male,119.26.89.74
57,Gilbert,Callander,gcallander1k@fotki.com,Male,67.101.201.250
58,Rona,Bernhard,rbernhard1l@sourceforge.net,Female,177.219.214.202
59,Becki,Siflet,bsiflet1m@rakuten.co.jp,Female,129.166.151.109
60,Rudy,Krelle,rkrelle1n@gravatar.com,Male,191.240.235.106
61,Guenevere,Egger,gegger1o@upenn.edu,Female,133.111.25.202
62,Karoly,Castagneto,kcastagneto1p@adobe.com,Male,158.19.195.60
63,Nichols,Fandrich,nfandrich1q@spiegel.de,Male,200.49.128.197
64,Ryon,Moresby,rmoresby1r@pagesperso-orange.fr,Male,107.194.6.206
65,Ellissa,Havelin,ehavelin1s@cargocollective.com,Female,105.102.118.199
66,Yardley,Lear,ylear1t@bizjournals.com,Male,235.238.154.182
67,Madeleine,Trewin,mtrewin1u@buzzfeed.com,Female,145.217.20.168
68,Orran,Goring,ogoring1v@examiner.com,Male,129.56.233.172
69,Rafferty,Pass,rpass1w@deliciousdays.com,Male,92.125.52.75
70,Therese,Braithwait,tbraithwait1x@reverbnation.com,Female,204.63.253.145
71,Vera,Gouldie,vgouldie1y@pen.io,Female,75.177.160.123
72,Page,Van der Daal,pvanderdaal1z@hugedomains.com,Female,2.93.81.200
73,Ramonda,Chesney,rchesney20@sun.com,Female,14.113.28.205
74,Ephraim,Dawkins,edawkins21@washingtonpost.com,Male,59.61.239.130
75,Jeremy,Benedyktowicz,jbenedyktowicz22@hostgator.com,Male,127.179.54.187
76,Jada,Dodswell,jdodswell23@webmd.com,Female,233.252.192.44
77,Dora,Braybrooke,dbraybrooke24@time.com,Female,12.253.118.40
78,Marlee,MacVicar,mmacvicar25@reference.com,Female,19.75.201.172
79,Hortense,Clausius,hclausius26@facebook.com,Female,109.130.65.194
80,Farrell,Battams,fbattams27@netvibes.com,Male,208.96.238.21
81,Kendall,Castrillo,kcastrillo28@github.com,Male,23.13.224.254
82,Harriett,Bottrill,hbottrill29@edublogs.org,Female,119.144.72.234
83,Rodd,Purdon,rpurdon2a@amazon.com,Male,66.247.11.227
84,Silvan,Boolsen,sboolsen2b@wordpress.org,Male,18.228.2.94
85,Rowe,Stell,rstell2c@dot.gov,Female,86.24.25.252
86,Abner,Gruszka,agruszka2d@prlog.org,Male,5.144.231.42
87,Vanni,Meade,vmeade2e@globo.com,Female,21.7.103.237
88,Adi,Filewood,afilewood2f@amazon.co.jp,Female,69.203.140.133
89,Benny,Gillott,bgillott2g@bizjournals.com,Female,225.120.207.239
90,Layton,Jewes,ljewes2h@state.tx.us,Male,12.243.246.141
91,Izak,Obert,iobert2i@indiegogo.com,Male,105.58.239.67
92,Nonna,Blunderfield,nblunderfield2j@ca.gov,Female,42.19.46.233
93,Flinn,Cobbold,fcobbold2k@guardian.co.uk,Male,219.202.143.87
94,Corinne,Akester,cakester2l@is.gd,Female,17.202.70.217
95,Solomon,Lethieulier,slethieulier2m@state.gov,Male,27.182.255.137
96,Ede,Johanning,ejohanning2n@census.gov,Female,248.133.65.243
97,Blanch,Seymer,bseymer2o@nydailynews.com,Female,7.196.90.63
98,Herbert,Muggleston,hmuggleston2p@bluehost.com,Male,77.58.30.195
99,Maridel,Costan,mcostan2q@barnesandnoble.com,Female,147.80.239.158
100,Roosevelt,Lissaman,rlissaman2r@squarespace.com,Male,86.14.200.104
