id,christian_name,surname,email,sex,ip_address
1,Leonidas,Reef,lreef0@hatena.ne.jp,Male,223.253.98.109
2,Yorgos,Maltman,ymaltman1@ehow.com,Male,53.26.242.94
3,Emmett,Tizard,etizard2@purevolume.com,Male,253.208.142.113
4,Elli,Clevely,eclevely3@behance.net,Female,24.62.123.110
5,Kean,Hearty,khearty4@t.co,Male,100.54.176.45
6,Kinsley,Rispen,krispen5@wix.com,Male,129.57.136.139
7,Garik,Marde,gmarde6@ftc.gov,Male,63.251.29.110
8,Bertina,Mithun,bmithun7@webnode.com,Female,169.91.245.163
9,Bruis,Nelle,bnelle8@howstuffworks.com,Male,213.132.33.181
10,Liv,Woof,lwoof9@japanpost.jp,Female,207.212.253.16
11,Pierette,Ryson,prysona@google.co.uk,Female,98.144.172.13
12,Ferrel,Kendrew,fkendrewb@washingtonpost.com,Male,84.187.253.9
13,Corissa,Rennicks,crennicksc@chicagotribune.com,Female,108.102.34.121
14,Lonnard,Eckly,lecklyd@imdb.com,Male,248.127.114.160
15,Angeli,Delacroix,adelacroixe@yellowpages.com,Male,150.150.28.20
16,Leilah,Glen,lglenf@theglobeandmail.com,Female,26.56.53.17
17,Leupold,Hicks,lhicksg@fema.gov,Male,184.87.124.105
18,Charmaine,Malkie,cmalkieh@woothemes.com,Female,61.84.54.179
19,Wileen,Imms,wimmsi@github.io,Female,64.129.104.81
20,Fredericka,Lampke,flampkej@comcast.net,Female,156.172.126.15
21,Tobias,Sandison,tsandisonk@state.tx.us,Male,138.1.178.116
22,Dedie,Koop,dkoopl@cafepress.com,Female,121.63.53.78
23,Justin,Evens,jevensm@ifeng.com,Male,190.129.55.172
24,Dinny,Iacovaccio,diacovaccion@bloomberg.com,Female,106.24.58.10
25,Alia,Le Noir,alenoiro@mapy.cz,Female,74.10.173.81
26,Christina,Burdfield,cburdfieldp@so-net.ne.jp,Female,225.189.16.61
27,Kay,Cianelli,kcianelliq@npr.org,Female,202.177.174.142
28,Neill,Neville,nneviller@foxnews.com,Male,31.132.65.63
29,Camile,Hamlington,chamlingtons@fotki.com,Female,251.178.108.198
30,Demetrius,Setch,dsetcht@t.co,Male,103.137.147.224
31,Jada,Marquess,jmarquessu@gov.uk,Female,32.131.25.126
32,Corinne,Whereat,cwhereatv@elpais.com,Female,137.47.144.187
33,Joye,Baumber,jbaumberw@joomla.org,Female,213.114.6.13
34,Pepita,Sand,psandx@networksolutions.com,Female,208.92.143.77
35,Jeannette,Bessett,jbessetty@hugedomains.com,Female,147.155.9.64
36,Rodi,Scamaden,rscamadenz@latimes.com,Female,156.207.88.133
37,Raffaello,Tumayan,rtumayan10@surveymonkey.com,Male,214.247.29.73
38,Chane,Velareal,cvelareal11@jalbum.net,Male,42.147.128.162
39,Vania,Bascombe,vbascombe12@phoca.cz,Female,223.247.38.124
40,Marlow,Montague,mmontague13@vk.com,Male,123.176.121.66
41,Garvey,Sylvaine,gsylvaine14@mapquest.com,Male,17.142.179.124
42,Lavinia,Di Bartolommeo,ldibartolommeo15@phoca.cz,Female,135.25.147.133
43,Robert,Borzoni,rborzoni16@tinypic.com,Male,25.194.21.146
44,Gae,Edgar,gedgar17@gizmodo.com,Female,126.109.28.170
45,Juan,Laux,jlaux18@myspace.com,Male,81.247.79.45
46,Evonne,Curee,ecuree19@mtv.com,Female,190.33.77.84
47,Hamid,Hurleston,hhurleston1a@illinois.edu,Male,159.8.149.27
48,Deonne,Prickett,dprickett1b@mashable.com,Female,45.2.226.157
49,Teddie,Fincham,tfincham1c@tinypic.com,Female,143.120.215.250
50,Fayre,Trowel,ftrowel1d@indiatimes.com,Female,115.111.211.94
51,Nerty,Jubb,njubb1e@thetimes.co.uk,Female,161.107.183.95
52,Yetta,Boxhill,yboxhill1f@drupal.org,Female,90.208.237.180
53,Felisha,Sutch,fsutch1g@instagram.com,Female,25.53.222.59
54,Denis,Cree,dcree1h@amazon.de,Male,101.144.34.89
55,Friedrich,Van Der Hoog,fvanderhoog1i@drupal.org,Male,159.30.86.184
56,Arline,Bernath,abernath1j@pen.io,Female,92.109.111.70
57,Obediah,Marcone,omarcone1k@who.int,Male,128.49.150.39
58,Billie,Kenrack,bkenrack1l@skype.com,Female,199.214.8.246
59,Helge,Fierro,hfierro1m@comcast.net,Female,100.202.44.246
60,Taylor,Nussen,tnussen1n@imageshack.us,Male,72.201.100.254
61,Tucky,Gilhooley,tgilhooley1o@indiatimes.com,Male,57.211.0.202
62,Roxanna,Pumfrett,rpumfrett1p@1und1.de,Female,235.14.137.81
63,Robinet,Ledner,rledner1q@mail.ru,Male,129.105.245.208
64,Hyacintha,Sidebottom,hsidebottom1r@sfgate.com,Female,107.46.216.3
65,Antoinette,Sayes,asayes1s@ustream.tv,Female,71.54.57.17
66,Janot,Francie,jfrancie1t@bloomberg.com,Female,17.162.180.115
67,Rudd,L'Archer,rlarcher1u@homestead.com,Male,197.111.182.83
68,Ellery,Bonallick,ebonallick1v@pbs.org,Male,103.194.221.4
69,Lise,Chesswas,lchesswas1w@berkeley.edu,Female,1.70.245.51
70,Zeb,Chavey,zchavey1x@cbc.ca,Male,154.155.123.67
71,Melli,Willett,mwillett1y@barnesandnoble.com,Female,86.6.247.87
72,Staci,O'Bradden,sobradden1z@wisc.edu,Female,46.52.27.10
73,Louisa,McDermid,lmcdermid20@ft.com,Female,180.136.21.227
74,Shellysheldon,Hartwell,shartwell21@redcross.org,Male,35.150.125.56
75,Minnnie,Joannic,mjoannic22@mashable.com,Female,209.120.170.26
76,Vivyan,Kearn,vkearn23@cocolog-nifty.com,Female,164.177.189.37
77,Jacintha,Graeme,jgraeme24@homestead.com,Female,98.6.205.139
78,Ximenes,Aleksich,xaleksich25@sbwire.com,Male,14.49.239.231
79,Ive,Harcarse,iharcarse26@last.fm,Male,207.2.22.45
80,Cami,Quarless,cquarless27@surveymonkey.com,Female,110.24.10.240
81,Marijn,Talby,mtalby28@topsy.com,Male,233.144.136.45
82,Wallace,Wandrack,wwandrack29@sohu.com,Male,34.136.118.6
83,Magdalen,Lapworth,mlapworth2a@cbsnews.com,Female,38.115.251.6
84,Millicent,Bayston,mbayston2b@mozilla.org,Female,81.164.39.137
85,Opaline,Given,ogiven2c@harvard.edu,Female,169.143.235.100
86,Gonzales,Splevins,gsplevins2d@feedburner.com,Male,170.87.240.173
87,Brandy,Jahnig,bjahnig2e@java.com,Female,70.51.120.18
88,Joete,Derobert,jderobert2f@umich.edu,Female,144.100.63.247
89,Luella,Bonde,lbonde2g@google.co.uk,Female,43.176.163.96
90,Hali,Costan,hcostan2h@springer.com,Female,94.145.68.220
91,Taite,Bigadike,tbigadike2i@bbc.co.uk,Male,242.213.38.163
92,Annamaria,Dyne,adyne2j@i2i.jp,Female,97.76.231.186
93,Jaquith,Vossgen,jvossgen2k@jiathis.com,Female,14.207.253.149
94,Arluene,Kinvig,akinvig2l@bloglovin.com,Female,7.176.95.24
95,Tobiah,Boriston,tboriston2m@icio.us,Male,118.117.155.130
96,Rutter,Venn,rvenn2n@stumbleupon.com,Male,183.178.50.42
97,Caitlin,Ingerson,cingerson2o@slate.com,Female,103.4.7.10
98,Bartram,Morais,bmorais2p@ucsd.edu,Male,208.240.180.187
99,Humphrey,McCome,hmccome2q@jigsy.com,Male,243.74.142.2
100,Gilberte,Atmore,gatmore2r@spiegel.de,Female,129.23.120.217
