id,christian_name,surname,email,sex,ip_address
1,Maynord,Ponton,mponton0@cnn.com,Male,57.173.247.88
2,Christi,Rumin,crumin1@tinypic.com,Female,155.3.52.59
3,Cleon,Gration,cgration2@barnesandnoble.com,Male,120.227.105.70
4,Giffard,Crowche,gcrowche3@unc.edu,Male,181.211.179.218
5,Hildy,Skowcraft,hskowcraft4@shareasale.com,Female,86.178.67.247
6,Corbie,Persey,cpersey5@discovery.com,Male,161.117.164.100
7,Shawn,McVrone,smcvrone6@mail.ru,Female,213.145.168.196
8,Fidelio,Danieli,fdanieli7@canalblog.com,Male,71.188.47.71
9,Judah,Jirusek,jjirusek8@hhs.gov,Male,71.140.96.179
10,Leland,Benny,lbenny9@jugem.jp,Female,3.214.65.200
11,Sharia,Bruckent,sbruckenta@dmoz.org,Female,59.128.80.83
12,Pandora,Schoffel,pschoffelb@newyorker.com,Female,127.119.91.133
13,Sallyanne,Beilby,sbeilbyc@cbslocal.com,Female,157.78.6.114
14,Savina,Duncan,sduncand@domainmarket.com,Female,42.100.18.249
15,Waite,Duckering,wduckeringe@howstuffworks.com,Male,181.176.111.151
16,Cyrillus,Caush,ccaushf@quantcast.com,Male,68.1.151.219
17,Cammy,Sendley,csendleyg@accuweather.com,Female,249.132.171.81
18,Keenan,Farmloe,kfarmloeh@hao123.com,Male,12.134.224.160
19,Ado,Yarwood,ayarwoodi@utexas.edu,Male,246.202.229.161
20,Grace,Durrant,gdurrantj@stumbleupon.com,Female,141.13.220.114
21,Emmet,Marshman,emarshmank@constantcontact.com,Male,211.190.2.152
22,Temp,Jouhandeau,tjouhandeaul@wix.com,Male,139.75.183.42
23,Rocky,Fausch,rfauschm@house.gov,Male,198.225.72.221
24,Evelin,Willshaw,ewillshawn@acquirethisname.com,Male,53.209.41.173
25,Randolph,Wybrow,rwybrowo@ucoz.ru,Male,9.59.51.156
26,Niel,Bastone,nbastonep@devhub.com,Male,33.102.0.40
27,Sharyl,Habbin,shabbinq@army.mil,Female,109.27.25.129
28,Clemmy,Monks,cmonksr@stanford.edu,Male,103.179.65.82
29,Terrijo,Rizzardi,trizzardis@ezinearticles.com,Female,79.58.173.79
30,Adair,Ferriman,aferrimant@tinyurl.com,Male,25.111.220.167
31,Brantley,Licquorish,blicquorishu@businessinsider.com,Male,79.201.233.36
32,Jacynth,Buckeridge,jbuckeridgev@cpanel.net,Female,162.119.129.210
33,Bonny,Gummary,bgummaryw@last.fm,Female,83.67.164.230
34,Cal,Ingman,cingmanx@telegraph.co.uk,Male,63.140.138.171
35,Elsworth,Kobu,ekobuy@trellian.com,Male,6.105.212.151
36,Drugi,Stubbes,dstubbesz@ftc.gov,Male,88.25.211.168
37,Lisbeth,O'Henery,lohenery10@posterous.com,Female,114.85.110.86
38,Gunilla,Revie,grevie11@pen.io,Female,153.61.71.233
39,Erhard,Markham,emarkham12@oaic.gov.au,Male,114.162.35.233
40,Hughie,Wren,hwren13@simplemachines.org,Male,226.229.70.200
41,Sadie,Chellenham,schellenham14@mlb.com,Female,199.198.175.210
42,Iggie,Bezley,ibezley15@ox.ac.uk,Male,217.11.42.20
43,Burg,Oaks,boaks16@va.gov,Male,59.144.9.99
44,Casey,Tangye,ctangye17@redcross.org,Male,247.105.226.131
45,Crosby,Rabjohn,crabjohn18@google.com.br,Male,224.64.225.108
46,Sasha,McMenamy,smcmenamy19@pbs.org,Male,24.242.111.58
47,Jamison,Ciccottio,jciccottio1a@cpanel.net,Male,83.88.139.238
48,Eugene,Sonner,esonner1b@abc.net.au,Male,79.5.206.168
49,Robin,Kester,rkester1c@newsvine.com,Female,116.9.175.107
50,Morgun,Crigin,mcrigin1d@hud.gov,Male,151.141.171.255
51,Leanora,Deval,ldeval1e@harvard.edu,Female,79.196.145.203
52,Bruno,Facher,bfacher1f@ucoz.ru,Male,187.210.127.3
53,Marnie,Fenna,mfenna1g@joomla.org,Female,89.12.57.151
54,Clarance,Loughran,cloughran1h@eventbrite.com,Male,144.182.15.11
55,Malynda,Dyter,mdyter1i@tuttocitta.it,Female,66.4.199.32
56,Paul,Aviss,paviss1j@seattletimes.com,Male,214.85.123.140
57,Netta,Petche,npetche1k@imageshack.us,Female,24.255.133.248
58,Marrilee,Folk,mfolk1l@craigslist.org,Female,62.111.180.50
59,Livvy,Rosendall,lrosendall1m@wordpress.org,Female,111.160.24.150
60,Yehudit,Dominguez,ydominguez1n@simplemachines.org,Male,37.116.205.92
61,Boycie,Rosbottom,brosbottom1o@hc360.com,Male,17.98.96.79
62,Alexander,Smye,asmye1p@europa.eu,Male,251.65.109.234
63,Sky,Grisley,sgrisley1q@mediafire.com,Male,208.98.62.74
64,Alejandra,O'Codihie,aocodihie1r@weibo.com,Female,170.204.179.87
65,Sherye,Beetles,sbeetles1s@tinyurl.com,Female,108.80.201.201
66,Albrecht,Lippini,alippini1t@github.com,Male,143.105.55.35
67,Theresita,Broxis,tbroxis1u@tripadvisor.com,Female,143.5.126.143
68,Lavinie,Lyffe,llyffe1v@barnesandnoble.com,Female,166.119.43.160
69,Garrett,Horlick,ghorlick1w@mapquest.com,Male,24.226.88.95
70,Dunstan,Gretham,dgretham1x@accuweather.com,Male,87.54.101.186
71,Godiva,Bertomier,gbertomier1y@com.com,Female,193.2.140.41
72,Dorice,Ashall,dashall1z@ftc.gov,Female,51.92.107.17
73,Josephine,Inchley,jinchley20@time.com,Female,201.141.240.233
74,Jermaine,Vassman,jvassman21@pbs.org,Male,157.233.11.111
75,Ronda,Gerish,rgerish22@blog.com,Female,181.252.176.201
76,Mignon,Gellately,mgellately23@pinterest.com,Female,239.207.61.100
77,Reese,Nation,rnation24@earthlink.net,Male,138.199.235.34
78,Marietta,Phettis,mphettis25@artisteer.com,Female,222.30.136.189
79,Agretha,Daintree,adaintree26@economist.com,Female,84.230.250.83
80,Karney,Biddlestone,kbiddlestone27@ox.ac.uk,Male,177.150.18.7
81,Lorenzo,Goodoune,lgoodoune28@booking.com,Male,14.40.30.59
82,Melissa,Boice,mboice29@delicious.com,Female,169.227.217.178
83,Mahmoud,Wandrich,mwandrich2a@arizona.edu,Male,230.13.49.105
84,Kitty,Connock,kconnock2b@army.mil,Female,202.92.208.128
85,Penelope,Worledge,pworledge2c@google.nl,Female,207.131.194.71
86,Jacky,Donahue,jdonahue2d@unblog.fr,Female,47.125.107.83
87,Tillie,Gundrey,tgundrey2e@kickstarter.com,Female,186.111.1.237
88,Dmitri,Spenceley,dspenceley2f@plala.or.jp,Male,70.178.20.198
89,Ranna,Pittendreigh,rpittendreigh2g@hc360.com,Female,200.130.81.214
90,Kimberley,Eddins,keddins2h@economist.com,Female,57.167.6.189
91,Justis,Belfield,jbelfield2i@e-recht24.de,Male,233.82.97.239
92,Melli,Chatwin,mchatwin2j@businessweek.com,Female,206.201.190.238
93,Aldwin,Jellico,ajellico2k@privacy.gov.au,Male,222.34.29.46
94,Deana,Paxton,dpaxton2l@google.de,Female,157.90.152.34
95,Christan,Cabedo,ccabedo2m@skyrock.com,Female,86.69.51.77
96,Griswold,Hanscomb,ghanscomb2n@tinypic.com,Male,218.37.97.75
97,Cort,MacCague,cmaccague2o@parallels.com,Male,143.96.164.16
98,Laverne,Eamer,leamer2p@qq.com,Female,56.90.185.116
99,Free,Brundall,fbrundall2q@paypal.com,Male,17.12.34.213
100,Wolf,De Meyer,wdemeyer2r@lulu.com,Male,232.140.117.135
